model_name,Overall,GPT4VScore,example_count,ExecRate,TextScore,LayoutScore,TypeScore,ColorScore,Average
Qwen2-VL-7B-Instruct,30.567446401447498,28.471999999999994,329,65.8,25.620102712559994,49.393333333399994,29.928991137499988,25.70914402812001,32.662892802895
