model_name,Overall,GPT4VScore,example_count,ExecRate,TextScore,LayoutScore,TypeScore,ColorScore,Average
gpt-4o,81.30942096270496,81.13399999999992,472,94.39999999999999,83.48965136541995,91.93523809524,78.75319283413998,71.76128540684006,81.48484192541
gpt-4o-mini,71.27319430295499,69.85999999999999,450,90.0,70.59269523156,85.52772893772001,72.1337847988,62.49134545555999,72.68638860591
llava-onevision-qwen2-7b-ov-hf,35.41217766351501,33.36000000000003,373,74.6,31.730255662179996,50.91777777785999,35.6986925711,31.510695296979982,37.46435532702999
Llama-3.2-11B-Vision-Instruct,27.6583782139425,26.536,306,61.199999999999996,23.5516024829,38.62666666673999,29.149382324899996,23.795374236999983,28.780756427884995
MiniCPM-V-2_6,22.938359673967504,21.370000000000008,239,47.8,19.633459772979997,30.74761904764,27.494646349879993,20.15115222123999,24.506719347934997
qwen2vl,1.88567793063,1.954,21,4.2,1.5393116824600002,2.22666666668,1.9993650793800004,1.5040800165200001,1.8173558612600003
Qwen2-VL-7B-Instruct,0,0,329,65.8,25.620102712559994,49.393333333399994,29.928991137499988,25.70914402812001,32.662892802895
