model_agent,example_count,ExecRate,TextScore,LayoutScore,TypeScore,ColorScore,Average,GPT4VScore,Overall
gpt-4o_DirectAgent,472,94.39999999999999,83.48965136542,91.93523809524,78.75319283414,71.76128540684,81.48484192541,,81.48484192541
llava-onevision-qwen2-7b-ov-hf_DirectAgent,373,74.6,31.730255662180003,50.917777777859996,35.6986925711,31.510695296980003,37.46435532703,,37.46435532703
Qwen2-VL-7B-Instruct_DirectAgent,329,65.8,25.620102712560005,49.393333333399994,29.9289911375,25.709144028119997,32.662892802894994,,32.662892802894994
gpt-4o-mini_DirectAgent,450,90.0,70.59269523156,85.52772893772,72.1337847988,62.491345455559994,72.68638860591,,72.68638860591
qwen2vl_DirectAgent,21,4.2,1.5393116824600002,2.22666666668,1.9993650793800004,1.5040800165200001,1.8173558612600003,,1.8173558612600003
MiniCPM-V-2_6_DirectAgent,239,47.8,19.63345977298,30.74761904764,27.494646349879996,20.151152221240004,24.506719347935004,,24.506719347935004
Llama-3.2-11B-Vision-Instruct_DirectAgent,306,61.199999999999996,23.5516024829,38.62666666674001,29.149382324900003,23.795374237,28.780756427885002,,28.780756427885002
